Date,Duration (hours),Category,Description of completed task,Challenges and/or next steps,Reflection
1/26/26,1,Other,Attended the orientation meeting.,,
1/27/26,0.6,Other,"Completed the Orientation Quiz. 
Created GitHub repository ""rate-my-spot"" and set up the Project Management Board. Configured columns (Todo, In Progress, Done), linked the board to the repo, and set visibility to Public.",,
1/29/26,3,"Research, Training, Learning",Conducted technical research and drafted the initial database schema. ,.,
1/29/26,2,Coding,"Initialized both the backend and frontend projects. 
Implemented 8 core backend entities (User, Spot, Post, etc.) ",Prepare for the implementation of the backend business logic and API endpoints,
1/30/26,2.3,"Research, Training, Learning","Determine the categories of spot_category. 
Collected and integrated real-world spot data using NYC Open Data and the Overpass Turbo API.","The raw data was messy. NYC Open Data and OpenStreetMap used different formats and naming conventions, so I spent time figuring out a unified schema that could handle both without losing key info.",
1/30/26,1.3,Coding,"Processed and inserted 23,000+ real-world spot records
into the database for testing purposes.","Hit unexpected database issues. The generated SQL was too large for MySQL’s default limits, and I had to fix the import by rewriting scripts to sanitize problematic characters.",
1/31/26,3.4,Design,Design prototypes and create a set of images using Google Gemini.,"Since I’m not familiar with Figma, I hand-drew a prototype and then used Google Gemini to generate the project prototypes and an image set.","It was a very interesting experience. Normally, product managers provide prototypes, but for this independent project, I had to come up with another solution."
2/1/26,0.6,Supervisor Discussion,"Sent the weekly report to the supervisor 
and PMed him to discuss the next tasks.",,
2/1/26,1.2,Documentation,Analyzing which APIs are needed for the backend.,,
2/1/26,1.1,Coding,"Built the backend skeleton. Created empty Controllers, 
Services, and Repositories for all 9 entities 
(just the shell, no business logic yet). 
Also configured the core infrastructure like JWT, Redis, 
and Global Exception Handler.","Next step: Start implementing the actual business logic, beginning with the User and Spot modules.",Setting up the structure first makes me feel organized. Now I can just focus on filling in the logic.
2/1/26,0.2,Documentation,"Synced everything to GitHub. 
Pushed the new backend skeleton code, 
the updated timelog.csv, and the folder of 
prototype images.",,
2/2/26,0.5,Coding,"Upgraded all 9 Entity classes with Spring Validation 
annotations.",,
2/3/26,4.2,Coding,"Implemented the JwtInterceptor for backend 
security and token validation. Developed core User 
Backend APIs: Login, Register, Send Verification Code, 
Update Profile, and Reset Password.",,
2/3/26,0.1,Documentation,"Synced all local changes to the remote GitHub repository. 
Pushed the implemented User backend modules ",,
2/4/26,0.5,Documentation,Updated the project management board.,,
2/4/26,0.5,Coding,"Upgraded database icons: Replaced spot_category 
emojis with professional SVG URLs. Added smarter Redis 
caching using CacheUtil with Redisson to prevent 
cache penetration, breakdown, and avalanche. 
Set up RedisConfig with Jackson so everything gets 
stored in JSON properly.",Next Steps: Apply CacheUtil strategies to the upcoming Spot service implementation.,CacheUtil was reused from one of my previous projects. This allowed me to focus more on the core business logic rather than re-implementing common caching utilities.
2/4/26,0.4,Coding,"Implemented the backend API for fetching spot categories 
with Redis caching.",,
2/5/26,6.5,Coding,"Implemented several core Backend API services for 
the Spot and Post modules, designing DTOs and 
Response objects for data contracts:
1. Spot APIs: Implemented the spot list with distance 
sorting (using user coords) and keyword search. Added 
Redis caching to the Spot Detail view to speed up reads.
2. Post APIs: Implemented the post creation logic 
and the main feed. Added caching for Post Details to 
reduce database load.",,
2/5/26,0.6,Testing & Debugging,"Verified the functionality of all completed backend API 
endpoints using Postman.",,
2/5/26,0.1,Documentation,"Synced all local changes to the remote GitHub repository. 
",,
2/6/26,2,Coding,"Improved Get Post Detail API: used JPQL constructor 
projection to return response directly, cutting down 
database queries.

Improved Get Post Feed API: changed from 
interface projection to JPQL constructor projection 
for better readability.",,
2/6/26,0.1,Documentation,Synced all local changes to the remote GitHub repository.,,
2/6/26,0.2,Documentation,Updated the project management board.,,
2/9/26,0.5,Supervisor Discussion,"Sent the weekly report to my supervisor and reached 
out to discuss the next tasks.",,
2/10/26,8.7,Other,Completed the Project Details Survey.,,"So many questions, it’s exhausting."
2/11/26,1.2,Coding,"Fix the post creation logic and asynchronously 
update the spot rating.",,